Window,Renyi Entropy
500,1.8947200009693357
1000,1.0606189009395444
1500,1.0356621439864786
2000,0.9294458529527454
2500,1.0886011035468788
