Window,Renyi Entropy
500,2.1278575678037797
1000,1.1930214370752283
1500,1.1650112235842722
2000,1.0456117739089816
2500,1.2242674185950484
