Window,Renyi Entropy
1,2.127857568
2,1.193021437
3,1.165011224
4,1.045611774
5,1.224267419
