Window,Renyi Entropy
500,3.6077282657553784
1000,2.6479358520995206
1500,2.6579745346249544
2000,2.6118170314680693
2500,2.685110872014536
