Window,Renyi Entropy
1,3.607728266
2,2.647935852
3,2.657974535
4,2.611817031
5,2.685110872
