Traffic Type,Entropy
Normal,1.7089262349059509
Attack,1.331440579653634
